<?xml version="1.0" encoding="UTF-8"?>
<project-private xmlns="http://www.netbeans.org/ns/project-private/1">
    <editor-bookmarks xmlns="http://www.netbeans.org/ns/editor-bookmarks/2" lastBookmarkId="0"/>
    <open-files xmlns="http://www.netbeans.org/ns/projectui-open-files/2">
        <group>
            <file>file:/C:/Users/milou/Desktop/projet2/ForGreenerIndustry/src/tn/edu/forGreenerIndustry/services/ServiceInvestissement.java</file>
            <file>file:/C:/Users/milou/Desktop/projet2/ForGreenerIndustry/src/tn/edu/forGreenerIndustry/entities/Investissement.java</file>
            <file>file:/C:/Users/milou/Desktop/projet2/ForGreenerIndustry/src/tn/edu/forGreenerIndustry/services/ServiceEvenement.java</file>
            <file>file:/C:/Users/milou/Desktop/projet2/ForGreenerIndustry/src/forgreenerindustry/ForGreenerIndustry.java</file>
        </group>
    </open-files>
</project-private>
