<?xml version="1.0" encoding="UTF-8"?>
<project-private xmlns="http://www.netbeans.org/ns/project-private/1">
    <editor-bookmarks xmlns="http://www.netbeans.org/ns/editor-bookmarks/2" lastBookmarkId="0"/>
    <open-files xmlns="http://www.netbeans.org/ns/projectui-open-files/2">
        <group>
            <file>file:/C:/Users/shadha/Desktop/takhdeemmmmmmmmmmmmmmmmmmm/yes%20yes%20i%20work/interface/aaa%202/aaa/forgreenerindustry/src/tn/edu/forGreenerIndustry/services/Sms.java</file>
            <file>file:/C:/Users/shadha/Desktop/takhdeemmmmmmmmmmmmmmmmmmm/yes%20yes%20i%20work/interface/aaa%202/aaa/forgreenerindustry/src/tn/edu/forGreenerIndustry/services/IService.java</file>
            <file>file:/C:/Users/shadha/Desktop/takhdeemmmmmmmmmmmmmmmmmmm/yes%20yes%20i%20work/interface/aaa%202/aaa/forgreenerindustry/src/tn/edu/forGreenerIndustry/gui/NewFXMain.java</file>
            <file>file:/C:/Users/shadha/Desktop/takhdeemmmmmmmmmmmmmmmmmmm/yes%20yes%20i%20work/interface/aaa%202/aaa/forgreenerindustry/src/Images/Welcome.html</file>
            <file>file:/C:/Users/shadha/Desktop/takhdeemmmmmmmmmmmmmmmmmmm/yes%20yes%20i%20work/interface/aaa%202/aaa/forgreenerindustry/src/tn/edu/forGreenerIndustry/gui/UserAjouterFXMLController.java</file>
            <file>file:/C:/Users/shadha/Desktop/takhdeemmmmmmmmmmmmmmmmmmm/yes%20yes%20i%20work/interface/aaa%202/aaa/forgreenerindustry/src/tn/edu/forGreenerIndustry/tools/Myemail1.java</file>
        </group>
    </open-files>
</project-private>
