<?xml version="1.0" encoding="UTF-8"?>
<project-private xmlns="http://www.netbeans.org/ns/project-private/1">
    <editor-bookmarks xmlns="http://www.netbeans.org/ns/editor-bookmarks/2" lastBookmarkId="0"/>
    <open-files xmlns="http://www.netbeans.org/ns/projectui-open-files/2">
        <group>
            <file>file:/C:/Users/Imén/OneDrive/Bureau/wetransfer_pi_2023-10-24_1037/ForGreenerIndustry%20PIdev/ForGreenerIndustry/src/tn/edu/forgreenerindustry/gui/ModifierEvenementFXMLController.java</file>
            <file>file:/C:/Users/Imén/OneDrive/Bureau/wetransfer_pi_2023-10-24_1037/ForGreenerIndustry%20PIdev/ForGreenerIndustry/src/tn/edu/forgreenerindustry/gui/AccueilFXMLController.java</file>
            <file>file:/C:/Users/Imén/OneDrive/Bureau/wetransfer_pi_2023-10-24_1037/ForGreenerIndustry%20PIdev/ForGreenerIndustry/src/tn/edu/forgreenerindustry/gui/AjouterEvenementFXMLController.java</file>
            <file>file:/C:/Users/Imén/OneDrive/Bureau/wetransfer_pi_2023-10-24_1037/ForGreenerIndustry%20PIdev/ForGreenerIndustry/src/tn/edu/forgreenerindustry/gui/ModifierInvestissementFXMLController.java</file>
            <file>file:/C:/Users/Imén/OneDrive/Bureau/wetransfer_pi_2023-10-24_1037/ForGreenerIndustry%20PIdev/ForGreenerIndustry/src/tn/edu/forgreenerindustry/services/ServiceEvenement.java</file>
            <file>file:/C:/Users/Imén/OneDrive/Bureau/wetransfer_pi_2023-10-24_1037/ForGreenerIndustry%20PIdev/ForGreenerIndustry/nbproject/build-impl.xml</file>
            <file>file:/C:/Users/Imén/OneDrive/Bureau/wetransfer_pi_2023-10-24_1037/ForGreenerIndustry%20PIdev/ForGreenerIndustry/src/tn/edu/forgreenerindustry/app/ForGreenerIndustry.java</file>
            <file>file:/C:/Users/Imén/OneDrive/Bureau/wetransfer_pi_2023-10-24_1037/ForGreenerIndustry%20PIdev/ForGreenerIndustry/src/tn/edu/forgreenerindustry/gui/SupprimerInvestissementFXMLController.java</file>
            <file>file:/C:/Users/Imén/OneDrive/Bureau/wetransfer_pi_2023-10-24_1037/ForGreenerIndustry%20PIdev/ForGreenerIndustry/src/tn/edu/forgreenerindustry/gui/ChercherEvenementFXMLController.java</file>
            <file>file:/C:/Users/Imén/OneDrive/Bureau/wetransfer_pi_2023-10-24_1037/ForGreenerIndustry%20PIdev/ForGreenerIndustry/src/tn/edu/forgreenerindustry/gui/SupprimerEvenementFXMLController.java</file>
            <file>file:/C:/Users/Imén/OneDrive/Bureau/wetransfer_pi_2023-10-24_1037/ForGreenerIndustry%20PIdev/ForGreenerIndustry/src/tn/edu/forgreenerindustry/services/ServiceInvestissement.java</file>
            <file>file:/C:/Users/Imén/OneDrive/Bureau/wetransfer_pi_2023-10-24_1037/ForGreenerIndustry%20PIdev/ForGreenerIndustry/src/tn/edu/forgreenerindustry/gui/ChercherInvestissementFXMLController.java</file>
            <file>file:/C:/Users/Imén/OneDrive/Bureau/wetransfer_pi_2023-10-24_1037/ForGreenerIndustry%20PIdev/ForGreenerIndustry/src/tn/edu/forgreenerindustry/entities/Evenement.java</file>
            <file>file:/C:/Users/Imén/OneDrive/Bureau/wetransfer_pi_2023-10-24_1037/ForGreenerIndustry%20PIdev/ForGreenerIndustry/src/tn/edu/forgreenerindustry/gui/GetAllEvenementFXMLController.java</file>
            <file>file:/C:/Users/Imén/OneDrive/Bureau/wetransfer_pi_2023-10-24_1037/ForGreenerIndustry%20PIdev/ForGreenerIndustry/src/tn/edu/forgreenerindustry/gui/GetAllInvestissementFXMLController.java</file>
            <file>file:/C:/Users/Imén/OneDrive/Bureau/wetransfer_pi_2023-10-24_1037/ForGreenerIndustry%20PIdev/ForGreenerIndustry/src/tn/edu/forgreenerindustry/entities/Investissement.java</file>
            <file>file:/C:/Users/Imén/OneDrive/Bureau/wetransfer_pi_2023-10-24_1037/ForGreenerIndustry%20PIdev/ForGreenerIndustry/src/tn/edu/forgreenerindustry/tools/DataSource.java</file>
            <file>file:/C:/Users/Imén/OneDrive/Bureau/wetransfer_pi_2023-10-24_1037/ForGreenerIndustry%20PIdev/ForGreenerIndustry/src/tn/edu/forgreenerindustry/gui/AjouterInvestissementFXMLController.java</file>
        </group>
    </open-files>
</project-private>
